{"stats":{"minecraft:used":{"minecraft:bread":1},"minecraft:custom":{"minecraft:time_since_rest":5254,"minecraft:open_chest":6,"minecraft:crouch_one_cm":306,"minecraft:play_time":5254,"minecraft:sprint_one_cm":20375,"minecraft:damage_taken":70,"minecraft:walk_one_cm":4201,"minecraft:sneak_time":83,"minecraft:walk_under_water_one_cm":927,"minecraft:mob_kills":1,"minecraft:jump":202,"minecraft:damage_dealt":106,"minecraft:time_since_death":5254,"minecraft:walk_on_water_one_cm":361,"minecraft:total_world_time":5254,"minecraft:swim_one_cm":2309,"minecraft:talked_to_villager":1,"minecraft:fall_one_cm":5394,"minecraft:fly_one_cm":68677},"minecraft:mined":{"minecraft:grass":22,"minecraft:grass_block":1,"minecraft:dirt_path":2,"minecraft:dirt":2,"minecraft:ice":3,"minecraft:sugar_cane":1},"minecraft:picked_up":{"minecraft:sugar_cane":3,"minecraft:dirt":5}},"DataVersion":2975}